,Site,Page,Category,Product,Price,Currency,Quantitiy,Unit
0,https://garden-zoo.ru,https://garden-zoo.ru/categories/osennie-udobreniya,Осенние удобрения,"Удобрение Монофосфат калия 0,5кг",190,руб.,140, шт
1,https://garden-zoo.ru,https://garden-zoo.ru/categories/osennie-udobreniya,Осенние удобрения,Раскислитель Огородник Известняковая (доломитовая) мука 2 кг (10),43,руб.,224, шт
2,https://garden-zoo.ru,https://garden-zoo.ru/categories/osennie-udobreniya,Осенние удобрения,"Удобрение Гера Суперфосфат двойной 0,9кг (25)",77,руб.,1, шт
3,https://garden-zoo.ru,https://garden-zoo.ru/categories/osennie-udobreniya,Осенние удобрения,Удобрение Суперфосфат Гранулированный 1кг минеральное (25),112,руб.,55,
4,https://garden-zoo.ru,https://garden-zoo.ru/categories/osennie-udobreniya,Осенние удобрения,Яичная скорлупа 5кг,95,руб.,30,
5,https://garden-zoo.ru,https://garden-zoo.ru/categories/osennie-udobreniya,Осенние удобрения,Удобрение Осеннее 1кг минеральное (20),76,руб.,626, шт
6,https://garden-zoo.ru,https://garden-zoo.ru/categories/osennie-udobreniya,Осенние удобрения,"Удобрение На Грядку 0,5кг Осень минеральное",40,руб.,58,
7,https://garden-zoo.ru,https://garden-zoo.ru/categories/osennie-udobreniya,Осенние удобрения,"Удобрение Гера Осеннее 0,9кг (25)",71,руб.,381,
8,https://garden-zoo.ru,https://garden-zoo.ru/categories/osennie-udobreniya,Осенние удобрения,Удобрение Флоровит для газона 3кг осень гранулированное,833,руб.,5,
9,https://garden-zoo.ru,https://garden-zoo.ru/categories/osennie-udobreniya,Осенние удобрения,Удобрение Любо Зелено Газон-Осень 1кг (12),81,руб.,11,
10,https://garden-zoo.ru,https://garden-zoo.ru/categories/osennie-udobreniya,Осенние удобрения,Удобрение Куриный Помет 800г органика (20),45,руб.,654, шт
11,https://garden-zoo.ru,https://garden-zoo.ru/categories/osennie-udobreniya,Осенние удобрения,Удобрение Сотка Суперфосфат 1кг брикет (12),76,руб.,44,
12,https://garden-zoo.ru,https://garden-zoo.ru/categories/osennie-udobreniya,Осенние удобрения,Удобрение Суперфосфат Двойной 1кг минеральное(25),98,руб.,154,
13,https://garden-zoo.ru,https://garden-zoo.ru/categories/osennie-udobreniya,Осенние удобрения,Раскислитель Доломитовая Мука 5кг (5),88,руб.,212, шт
14,https://garden-zoo.ru,https://garden-zoo.ru/categories/osennie-udobreniya,Осенние удобрения,Удобрение Куриный Помет 12кг органика (1),596,руб.,31, шт
15,https://garden-zoo.ru,https://garden-zoo.ru/categories/osennie-udobreniya,Осенние удобрения,Компост конский 30л органика,862,руб.,37, шт
16,https://garden-zoo.ru,https://garden-zoo.ru/categories/osennie-udobreniya,Осенние удобрения,"Удобрение Гера Осеннее 2,5кг (10)",166,руб.,3, шт
17,https://garden-zoo.ru,https://garden-zoo.ru/categories/osennie-udobreniya,Осенние удобрения,"Удобрение Террасол Осеннее 2,5кг (10)",221,руб.,3, шт
18,https://garden-zoo.ru,https://garden-zoo.ru/categories/osennie-udobreniya,Осенние удобрения,Удобрение Суперфосфат Гранулированный 3кг минеральное (10),245,руб.,125, шт
19,https://garden-zoo.ru,https://garden-zoo.ru/categories/osennie-udobreniya,Осенние удобрения,Удобрение Калий Сернокислый 1кг минеральное (25),148,руб.,210, шт
20,https://garden-zoo.ru,https://garden-zoo.ru/categories/osennie-udobreniya,Осенние удобрения,Удобрение Калий Хлористый 1кг минеральное (25),98,руб.,174, шт
21,https://garden-zoo.ru,https://garden-zoo.ru/categories/osennie-udobreniya,Осенние удобрения,Удобрение Террасол Газон 5кг осень,399,руб.,2, шт
22,https://garden-zoo.ru,https://garden-zoo.ru/categories/osennie-udobreniya,Осенние удобрения,Удобрение Осеннее 3кг минеральное (10),217,руб.,1, шт
23,https://garden-zoo.ru,https://garden-zoo.ru/categories/osennie-udobreniya,Осенние удобрения,Удобрение Борофоска 1кг минеральное (20),66,руб.,,
24,https://garden-zoo.ru,https://garden-zoo.ru/categories/osennie-udobreniya,Осенние удобрения,Раскислитель Известняковая мука 4кг (6),75,руб.,,
25,https://garden-zoo.ru,https://garden-zoo.ru/categories/osennie-udobreniya,Осенние удобрения,"Удобрение Вырастайка Осень, 1 кг",60,руб.,,
26,https://garden-zoo.ru,https://garden-zoo.ru/categories/osennie-udobreniya,Осенние удобрения,Удобрение Кальций азотнокислый 20г (селитра кальциевая),10,руб.,,
27,https://garden-zoo.ru,https://garden-zoo.ru/categories/osennie-udobreniya,Осенние удобрения,Удобрение Кальций азотнокислый 1кг (селитра кальциевая),81,руб.,,
28,https://garden-zoo.ru,https://garden-zoo.ru/categories/osennie-udobreniya,Осенние удобрения,Удобрение фосфорно-калийное Осень 3кг,196,руб.,,
29,https://garden-zoo.ru,https://garden-zoo.ru/categories/osennie-udobreniya,Осенние удобрения,Удобрение фосфорно-калийное Осень 1кг,71,руб.,,
30,https://garden-zoo.ru,https://garden-zoo.ru/categories/osennie-udobreniya,Осенние удобрения,Удобрение ОМУ Универсальное Осень 3кг,200,руб.,,
31,https://garden-zoo.ru,https://garden-zoo.ru/categories/osennie-udobreniya,Осенние удобрения,Удобрение Монофосфат калия 20г,11,руб.,,
32,https://garden-zoo.ru,https://garden-zoo.ru/categories/osennie-udobreniya,Осенние удобрения,Удобрение Флоровит для хвойных 3кг осень гранулированное,833,руб.,,
33,https://garden-zoo.ru,https://garden-zoo.ru/categories/osennie-udobreniya,Осенние удобрения,"Удобрение Любо Зелено Осень 2,5кг пак (12)",157,руб.,,
34,https://garden-zoo.ru,https://garden-zoo.ru/categories/osennie-udobreniya,Осенние удобрения,"Удобрение БОНА ФОРТЕ универсальное осеннее 1,5л",410,руб.,,
35,https://garden-zoo.ru,https://garden-zoo.ru/categories/osennie-udobreniya,Осенние удобрения,Удобрение Сотка Осеннее 2.5 кг,,,,
36,https://garden-zoo.ru,https://garden-zoo.ru/categories/dlia-ovoschnykh-kultur,Для овощных культур,Дозреватель 1.7мл,81,руб.,74, шт
37,https://garden-zoo.ru,https://garden-zoo.ru/categories/dlia-ovoschnykh-kultur,Для овощных культур,"Удобрение Монофосфат калия 0,5кг",190,руб.,140, шт
38,https://garden-zoo.ru,https://garden-zoo.ru/categories/dlia-ovoschnykh-kultur,Для овощных культур,"Удобрение Калий азотнокислый 0,5кг (селитра калиевая) (40)",98,руб.,5, шт
39,https://garden-zoo.ru,https://garden-zoo.ru/categories/dlia-ovoschnykh-kultur,Для овощных культур,"Удобрение Террасол Весна-лето 2,5кг (10)",194,руб.,35,
40,https://garden-zoo.ru,https://garden-zoo.ru/categories/dlia-ovoschnykh-kultur,Для овощных культур,"Удобрение БИО Овощи 1,2кг гранулы",113,руб.,14,
41,https://garden-zoo.ru,https://garden-zoo.ru/categories/dlia-ovoschnykh-kultur,Для овощных культур,"Удобрение Гера 3D для овощей 0,5л",62,руб.,37,
42,https://garden-zoo.ru,https://garden-zoo.ru/categories/dlia-ovoschnykh-kultur,Для овощных культур,"Удобрение Гера для Томатов и Перцев 0,5кг (30)",57,руб.,191, шт
43,https://garden-zoo.ru,https://garden-zoo.ru/categories/dlia-ovoschnykh-kultur,Для овощных культур,"Удобрение Гера для Огурцов и Кабачков 0,5кг (30)",57,руб.,174,
44,https://garden-zoo.ru,https://garden-zoo.ru/categories/dlia-ovoschnykh-kultur,Для овощных культур,Удобрение Малышок для томатов и перцев 250мл (15),44,руб.,110,
45,https://garden-zoo.ru,https://garden-zoo.ru/categories/dlia-ovoschnykh-kultur,Для овощных культур,"Удобрение СЕДА БиоГумус для овощей 0,25л",200,руб.,41,
46,https://garden-zoo.ru,https://garden-zoo.ru/categories/dlia-ovoschnykh-kultur,Для овощных культур,"Удобрение Богатырь биогумус для овощей и цветов 0,3л (20)",46,руб.,80,
47,https://garden-zoo.ru,https://garden-zoo.ru/categories/dlia-ovoschnykh-kultur,Для овощных культур,Удобрение Агрис для лука и чеснока 500мл,143,руб.,20,
48,https://garden-zoo.ru,https://garden-zoo.ru/categories/dlia-ovoschnykh-kultur,Для овощных культур,Удобрение Агрис для овощей 500мл,154,руб.,32,
49,https://garden-zoo.ru,https://garden-zoo.ru/categories/dlia-ovoschnykh-kultur,Для овощных культур,"Удобрение Гера для Картофеля,моркови и свеклы 0,9кг(25)",66,руб.,443,
50,https://garden-zoo.ru,https://garden-zoo.ru/categories/dlia-ovoschnykh-kultur,Для овощных культур,Удобрение Картофель 1кг минеральное (20),64,руб.,666,
51,https://garden-zoo.ru,https://garden-zoo.ru/categories/dlia-ovoschnykh-kultur,Для овощных культур,Удобрение Щедрая земля НЦС Картофель 1кг минеральное (25),45,руб.,483,
52,https://garden-zoo.ru,https://garden-zoo.ru/categories/dlia-ovoschnykh-kultur,Для овощных культур,"Удобрение ДЖОЙ для лука и чеснока 0,5л.",106,руб.,38,
53,https://garden-zoo.ru,https://garden-zoo.ru/categories/dlia-ovoschnykh-kultur,Для овощных культур,"Лигногумат ДЖОЙ ДМ-NPK 6%  Огурцы  0,33л",88,руб.,15,
54,https://garden-zoo.ru,https://garden-zoo.ru/categories/dlia-ovoschnykh-kultur,Для овощных культур,"Лигногумат ДЖОЙ ДМ-NPK 6%  Томаты  0,33л",88,руб.,14,
55,https://garden-zoo.ru,https://garden-zoo.ru/categories/dlia-ovoschnykh-kultur,Для овощных культур,Удобрение БиоМастер Горчичный жмых  2л,125,руб.,122,
56,https://garden-zoo.ru,https://garden-zoo.ru/categories/dlia-ovoschnykh-kultur,Для овощных культур,Удобрение Почвопротектор для томатов и перцев 1кг минеральное (5),85,руб.,36,
57,https://garden-zoo.ru,https://garden-zoo.ru/categories/dlia-ovoschnykh-kultur,Для овощных культур,"Удобрение БИО Томаты 1,2кг гранулы (8)",113,руб.,10,
58,https://garden-zoo.ru,https://garden-zoo.ru/categories/dlia-ovoschnykh-kultur,Для овощных культур,Удобрение БИО Овощи 3кг гранулы,236,руб.,32,
59,https://garden-zoo.ru,https://garden-zoo.ru/categories/dlia-ovoschnykh-kultur,Для овощных культур,"Удобрение БиоМастер Большой помидор, 1,2 кг",254,руб.,31,
60,https://garden-zoo.ru,https://garden-zoo.ru/categories/dlia-ovoschnykh-kultur,Для овощных культур,"Удобрение Биогумус Флоризел овощной, 500 мл",71,руб.,32,
61,https://garden-zoo.ru,https://garden-zoo.ru/categories/dlia-ovoschnykh-kultur,Для овощных культур,"Удобрение Биогумус Флоризел для томатов и перцев, 350 мл",61,руб.,28,
62,https://garden-zoo.ru,https://garden-zoo.ru/categories/dlia-ovoschnykh-kultur,Для овощных культур,"Удобрение Биогумус Флоризел для огурцов и кабачков, 350 мл",61,руб.,37,
63,https://garden-zoo.ru,https://garden-zoo.ru/categories/dlia-ovoschnykh-kultur,Для овощных культур,"Удобрение Биогумус Флоризел для картофеля, 500 мл",71,руб.,56,
64,https://garden-zoo.ru,https://garden-zoo.ru/categories/dlia-ovoschnykh-kultur,Для овощных культур,"Удобрение Биогумус Флоризел для всех плодовых, 500 мл",71,руб.,43,
65,https://garden-zoo.ru,https://garden-zoo.ru/categories/dlia-ovoschnykh-kultur,Для овощных культур,Удобрение Сотка для Огурцов и кабачков 1кг пакет (12),64,руб.,52,
66,https://garden-zoo.ru,https://garden-zoo.ru/categories/dlia-ovoschnykh-kultur,Для овощных культур,Удобрение Сотка для Картофеля 1кг пакет (12),64,руб.,168,
67,https://garden-zoo.ru,https://garden-zoo.ru/categories/dlia-ovoschnykh-kultur,Для овощных культур,Удобрение Сотка для Капусты 1кг пакет (12),62,руб.,144,
68,https://garden-zoo.ru,https://garden-zoo.ru/categories/dlia-ovoschnykh-kultur,Для овощных культур,"Удобрение Любо Зелено для Томатов,перцев и баклажан 1кг брикет (12)",67,руб.,1,
69,https://garden-zoo.ru,https://garden-zoo.ru/categories/dlia-ovoschnykh-kultur,Для овощных культур,Удобрение Любо Зелено для Огурцов и кабачков 1кг брикет (12),69,руб.,32,
70,https://garden-zoo.ru,https://garden-zoo.ru/categories/dlia-ovoschnykh-kultur,Для овощных культур,Удобрение Любо Зелено для Овощей 1кг брикет (12),64,руб.,49,
71,https://garden-zoo.ru,https://garden-zoo.ru/categories/dlia-ovoschnykh-kultur,Для овощных культур,Удобрение Любо Зелено для Лука и чеснока 1кг брикет (12),70,руб.,115,
72,https://garden-zoo.ru,https://garden-zoo.ru/categories/dlia-ovoschnykh-kultur,Для овощных культур,"Удобрение Любо Зелено для Томатов,перцев и баклажан 500мл (12)",87,руб.,28, шт
73,https://garden-zoo.ru,https://garden-zoo.ru/categories/dlia-ovoschnykh-kultur,Для овощных культур,"Удобрение Любо Зелено для Томатов,перцев и баклажан 1л (12)",55,руб.,9,
74,https://garden-zoo.ru,https://garden-zoo.ru/categories/dlia-ovoschnykh-kultur,Для овощных культур,Удобрение Любо Зелено для Овощей 1л (12),55,руб.,25,
75,https://garden-zoo.ru,https://garden-zoo.ru/categories/dlia-ovoschnykh-kultur,Для овощных культур,Удобрение Любо Зелено для Лука и чеснока 1л (12),55,руб.,54,
76,https://garden-zoo.ru,https://garden-zoo.ru/categories/dlia-ovoschnykh-kultur,Для овощных культур,"Удобрение Здравень Аква для корнеплодов 0,5л с мерным стаканчиком",92,руб.,26,
77,https://garden-zoo.ru,https://garden-zoo.ru/categories/dlia-ovoschnykh-kultur,Для овощных культур,"Удобрение Здравень Аква для томатов и перцев 0,5л с мерным стаканчиком",92,руб.,12,
78,https://garden-zoo.ru,https://garden-zoo.ru/categories/dlia-ovoschnykh-kultur,Для овощных культур,Удобрение Здравень Турбо для огурцов 30г,16,руб.,74,
79,https://garden-zoo.ru,https://garden-zoo.ru/categories/dlia-ovoschnykh-kultur,Для овощных культур,Завязь Огурец 2гр,40,руб.,64, шт
80,https://garden-zoo.ru,https://garden-zoo.ru/categories/dlia-ovoschnykh-kultur,Для овощных культур,Удобрение Родничок 1кг комплексное (20),63,руб.,41, шт
81,https://garden-zoo.ru,https://garden-zoo.ru/categories/dlia-ovoschnykh-kultur,Для овощных культур,Удобрение Малышок 1кг комплексное (11),63,руб.,159, шт
82,https://garden-zoo.ru,https://garden-zoo.ru/categories/dlia-ovoschnykh-kultur,Для овощных культур,Удобрение Лук и Чеснок 1кг минеральное (20),65,руб.,97, шт
83,https://garden-zoo.ru,https://garden-zoo.ru/categories/dlia-ovoschnykh-kultur,Для овощных культур,Удобрение Картофель 3кг минеральное (10),172,руб.,227, шт
84,https://garden-zoo.ru,https://garden-zoo.ru/categories/dlia-ovoschnykh-kultur,Для овощных культур,Удобрение Бордо 800г минеральное (12),60,руб.,592, шт
85,https://garden-zoo.ru,https://garden-zoo.ru/categories/dlia-ovoschnykh-kultur,Для овощных культур,"Удобрение Террасол Картофель 2,5кг(10)",207,руб.,9, шт
86,https://garden-zoo.ru,https://garden-zoo.ru/categories/dlia-rassady,Для рассады,Активатор ДЖОЙ для корнеобразования 2 табл.,57,руб.,4,
87,https://garden-zoo.ru,https://garden-zoo.ru/categories/dlia-rassady,Для рассады,Удобрение Здравень Турбо для рассады 15г,11,руб.,110,
88,https://garden-zoo.ru,https://garden-zoo.ru/categories/dlia-rassady,Для рассады,Удобрение Крепыш 50г Гумат калия (50),22,руб.,85,
89,https://garden-zoo.ru,https://garden-zoo.ru/categories/dlia-rassady,Для рассады,Удобрение Крепыш 50г минеральное (50),25,руб.,78,
90,https://garden-zoo.ru,https://garden-zoo.ru/categories/dlia-rassady,Для рассады,Удобрение Крепыш для рассады 250мл (15),44,руб.,62, шт
91,https://garden-zoo.ru,https://garden-zoo.ru/categories/dlia-rassady,Для рассады,Удобрение Крепыш для рассады минеральное 250мл (15),62,руб.,90, шт
92,https://garden-zoo.ru,https://garden-zoo.ru/categories/dlia-rassady,Для рассады,"Удобрение Богатырь для рассады 0,3л (20)",45,руб.,80,
93,https://garden-zoo.ru,https://garden-zoo.ru/categories/dlia-rassady,Для рассады,"Лигногумат ДЖОЙ ДМ-NPK 6%  Рассада 0,33л",83,руб.,28,
94,https://garden-zoo.ru,https://garden-zoo.ru/categories/dlia-rassady,Для рассады,"Удобрение Биогумус Флоризел для рассады, 350 мл",61,руб.,85,
95,https://garden-zoo.ru,https://garden-zoo.ru/categories/dlia-rassady,Для рассады,"Удобрение Огородник Бочка и четыре ведра 0,6л для рассады (9)",68,руб.,118, шт
96,https://garden-zoo.ru,https://garden-zoo.ru/categories/dlia-rassady,Для рассады,"КРЕПЕНЬ 1,5мл цв. пакет",13,руб.,262,
97,https://garden-zoo.ru,https://garden-zoo.ru/categories/dlia-rassady,Для рассады,Гумат+7 10г,10,руб.,284, шт
98,https://garden-zoo.ru,https://garden-zoo.ru/categories/dlia-rassady,Для рассады,"Атлет 1,5мл стимулятор роста",11,руб.,1,
99,https://garden-zoo.ru,https://garden-zoo.ru/categories/dlia-rassady,Для рассады,Удобрение Фертика Люкс 20г,31,руб.,279, шт
100,https://garden-zoo.ru,https://garden-zoo.ru/categories/dlia-rassady,Для рассады,Удобрение Малышок 50г минеральное (50),25,руб.,14, шт
101,https://garden-zoo.ru,https://garden-zoo.ru/categories/dlia-rassady,Для рассады,Удобрение Агрикола Форвард  для рассады 250мл,74,руб.,52, шт
102,https://garden-zoo.ru,https://garden-zoo.ru/categories/dlia-rassady,Для рассады,Удобрение Агрикола № 6 (РАССАДА ОВОЩНЫХ КУЛЬТУР)50г,29,руб.,78, шт
103,https://garden-zoo.ru,https://garden-zoo.ru/categories/dlia-rassady,Для рассады,Энерген Аква Бор 250мл,84,руб.,,
104,https://garden-zoo.ru,https://garden-zoo.ru/categories/dlia-rassady,Для рассады,Энерген Аква Хелаты 250мл,84,руб.,,
105,https://garden-zoo.ru,https://garden-zoo.ru/categories/dlia-rassady,Для рассады,Корнерост 10гр,22,руб.,,
106,https://garden-zoo.ru,https://garden-zoo.ru/categories/dlia-rassady,Для рассады,Корневин 4г,14,руб.,,
107,https://garden-zoo.ru,https://garden-zoo.ru/categories/dlia-rassady,Для рассады,Удобрение БИО Рассада и горшечные растения 1л,148,руб.,,
108,https://garden-zoo.ru,https://garden-zoo.ru/categories/dlia-rassady,Для рассады,Эликсир ДЖОЙ для рассады Здоровый старт 400 мл,118,руб.,,
109,https://garden-zoo.ru,https://garden-zoo.ru/categories/dlia-rassady,Для рассады,Биокомплекс-БТУ 15мл,33,руб.,,
110,https://garden-zoo.ru,https://garden-zoo.ru/categories/dlia-rassady,Для рассады,ЛИПОСАМ биоприлипатель 8мл,19,руб.,,
111,https://garden-zoo.ru,https://garden-zoo.ru/categories/dlia-rassady,Для рассады,Биокомплекс-БТУ универсальный 100мл,96,руб.,,
112,https://garden-zoo.ru,https://garden-zoo.ru/categories/dlia-rassady,Для рассады,"Корнерост 2кап по 0,1гр",29,руб.,,
113,https://garden-zoo.ru,https://garden-zoo.ru/categories/dlia-rassady,Для рассады,АМУЛЕТ 2табл,66,руб.,,
114,https://garden-zoo.ru,https://garden-zoo.ru/categories/dlia-rassady,Для рассады,Энерген  Эстра 20 капсул,"65,40",руб.,,
115,https://garden-zoo.ru,https://garden-zoo.ru/categories/dlia-rassady,Для рассады,Лигногумат амп 5мл,10,руб.,,
116,https://garden-zoo.ru,https://garden-zoo.ru/categories/dlia-rassady,Для рассады,Гумат+7 50г,27,руб.,,
117,https://garden-zoo.ru,https://garden-zoo.ru/categories/dlia-sadovykh-tsvetov,Для садовых цветов,Удобрение Цветочное счастье для роз 285мл (9),77,руб.,39,
118,https://garden-zoo.ru,https://garden-zoo.ru/categories/dlia-sadovykh-tsvetov,Для садовых цветов,Удобрение Робин Грин луковичные цветы 1кг дойпак,117,руб.,185, шт
119,https://garden-zoo.ru,https://garden-zoo.ru/categories/dlia-sadovykh-tsvetov,Для садовых цветов,"Удобрение Здравень Турбо для роз, бегоний и сенполий 30г",16,руб.,175,
120,https://garden-zoo.ru,https://garden-zoo.ru/categories/dlia-sadovykh-tsvetov,Для садовых цветов,Удобрение Фертика Кристалон цветочный 100г,99,руб.,14,
121,https://garden-zoo.ru,https://garden-zoo.ru/categories/dlia-sadovykh-tsvetov,Для садовых цветов,"Удобрение Агрикола № 7 (САДОВЫЕ, БАЛКОННЫЕ ЦВЕТЫ)50г",29,руб.,9,
122,https://garden-zoo.ru,https://garden-zoo.ru/categories/dlia-sadovykh-tsvetov,Для садовых цветов,Удобрение Агрикола №12 (КОМНАТНЫЕ И САД РОЗЫ)25г,22,руб.,106,
123,https://garden-zoo.ru,https://garden-zoo.ru/categories/dlia-sadovykh-tsvetov,Для садовых цветов,"Удобрение Здравень Аква для садовых цветов 0,5л с мерным стаканчиком",92,руб.,3,
124,https://garden-zoo.ru,https://garden-zoo.ru/categories/dlia-sadovykh-tsvetov,Для садовых цветов,Удобрение Здравень Аква для стимулирования цветения орхидей 150мл,108,руб.,53,
125,https://garden-zoo.ru,https://garden-zoo.ru/categories/dlia-sadovykh-tsvetov,Для садовых цветов,Удобрение Здравень Турбо для георгин и луковечных 30г,16,руб.,39,
126,https://garden-zoo.ru,https://garden-zoo.ru/categories/dlia-sadovykh-tsvetov,Для садовых цветов,Удобрение для Декоративных Кустарников 1кг (25),57,руб.,112,
127,https://garden-zoo.ru,https://garden-zoo.ru/categories/dlia-sadovykh-tsvetov,Для садовых цветов,"Удобрение Гера 3D для бегоний,роз и хризантем 0,5л",63,руб.,5, шт
128,https://garden-zoo.ru,https://garden-zoo.ru/categories/dlia-sadovykh-tsvetov,Для садовых цветов,Удобрение для цветов и ягод 50г минеральное(50),29,руб.,80,
129,https://garden-zoo.ru,https://garden-zoo.ru/categories/dlia-sadovykh-tsvetov,Для садовых цветов,"Удобрение СЕДА БиоГумус для цветов 0,1л",105,руб.,6,
130,https://garden-zoo.ru,https://garden-zoo.ru/categories/dlia-sadovykh-tsvetov,Для садовых цветов,"Удобрение Богатырь биогумус для овощей и цветов 0,3л (20)",46,руб.,80,
131,https://garden-zoo.ru,https://garden-zoo.ru/categories/dlia-sadovykh-tsvetov,Для садовых цветов,Удобрение Цветочное счастье для листовой подкормки 250мл (12),60,руб.,449,
132,https://garden-zoo.ru,https://garden-zoo.ru/categories/dlia-sadovykh-tsvetov,Для садовых цветов,"Удобрение БИО Розы и цветущие 1,2кг гранулы",113,руб.,8,
133,https://garden-zoo.ru,https://garden-zoo.ru/categories/dlia-sadovykh-tsvetov,Для садовых цветов,"Удобрение БиоМастер Пышная гортензия, 1,2 кг",254,руб.,90,
134,https://garden-zoo.ru,https://garden-zoo.ru/categories/dlia-sadovykh-tsvetov,Для садовых цветов,БОНА ФОРТЕ Радуга для изменения цвета гортензий 285мл,146,руб.,9,
135,https://garden-zoo.ru,https://garden-zoo.ru/categories/dlia-sadovykh-tsvetov,Для садовых цветов,Средство для окраски гортензий 300г,199,руб.,21,
136,https://garden-zoo.ru,https://garden-zoo.ru/categories/dlia-sadovykh-tsvetov,Для садовых цветов,Удобрение Агрикола Фантазия 250мл,74,руб.,5, шт
137,https://garden-zoo.ru,https://garden-zoo.ru/categories/dlia-sadovykh-tsvetov,Для садовых цветов,"Удобрение Гера для Роз 0,5кг (30)",59,руб.,92, шт
138,https://garden-zoo.ru,https://garden-zoo.ru/categories/dlia-sadovykh-tsvetov,Для садовых цветов,"Удобрение Террасол Цветы 2,5кг (10)",206,руб.,10, шт
139,https://garden-zoo.ru,https://garden-zoo.ru/categories/dlia-sadovykh-tsvetov,Для садовых цветов,Удобрение Агрикола для цветущих палочки,71,руб.,,
140,https://garden-zoo.ru,https://garden-zoo.ru/categories/dlia-sadovykh-tsvetov,Для садовых цветов,Энерген Аква Бор 250мл,84,руб.,,
141,https://garden-zoo.ru,https://garden-zoo.ru/categories/dlia-sadovykh-tsvetov,Для садовых цветов,Энерген Аква Хелаты 250мл,84,руб.,,
142,https://garden-zoo.ru,https://garden-zoo.ru/categories/dlia-sadovykh-tsvetov,Для садовых цветов,Цветалон для гортензий 100г,30,руб.,,
143,https://garden-zoo.ru,https://garden-zoo.ru/categories/dlia-sadovykh-tsvetov,Для садовых цветов,"Удобрение Гера Гумат калия 0,5л (12)",73,руб.,,
144,https://garden-zoo.ru,https://garden-zoo.ru/categories/dlia-sadovykh-tsvetov,Для садовых цветов,Янтарная кислота ДЖОЙ 10г,22,руб.,,
145,https://garden-zoo.ru,https://garden-zoo.ru/categories/dlia-sadovykh-tsvetov,Для садовых цветов,Удобрение Агрис цветы универсальное 500мл,162,руб.,,
146,https://garden-zoo.ru,https://garden-zoo.ru/categories/dlia-sadovykh-tsvetov,Для садовых цветов,Удобрение Агрис цветы универсальное 250мл,97,руб.,,
147,https://garden-zoo.ru,https://garden-zoo.ru/categories/dlia-sadovykh-tsvetov,Для садовых цветов,Удобрение Агрис для петуний 250мл,97,руб.,,
148,https://garden-zoo.ru,https://garden-zoo.ru/categories/dlia-sadovykh-tsvetov,Для садовых цветов,Удобрение Уютный сад для декор.-лиственных 350гр,107,руб.,,
149,https://garden-zoo.ru,https://garden-zoo.ru/categories/dlia-sadovykh-tsvetov,Для садовых цветов,"Удобрение Покон универсальное для садовых растений, 800 гр",562,руб.,,
150,https://garden-zoo.ru,https://garden-zoo.ru/categories/dlia-sadovykh-tsvetov,Для садовых цветов,Удобрение Покон для цветущих 250мл,256,руб.,,
151,https://garden-zoo.ru,https://garden-zoo.ru/categories/dlia-sadovykh-tsvetov,Для садовых цветов,"Удобрение Покон для роз, 500 мл",330,руб.,,
152,https://garden-zoo.ru,https://garden-zoo.ru/categories/dlia-sadovykh-tsvetov,Для садовых цветов,"Удобрение БиоМастер Шикарная роза, 1,2 кг",214,руб.,,
153,https://garden-zoo.ru,https://garden-zoo.ru/categories/dlia-sadovykh-tsvetov,Для садовых цветов,Удобрение Акварин цветочный 100г,31,руб.,,
154,https://garden-zoo.ru,https://garden-zoo.ru/categories/dlia-sadovykh-tsvetov,Для садовых цветов,Удобрение Акварин Для цветения 20г,11,руб.,,
155,https://garden-zoo.ru,https://garden-zoo.ru/categories/dlia-sadovykh-tsvetov,Для садовых цветов,"Удобрение Флоровит для комнатных и балконных 0,24л",175,руб.,,
156,https://garden-zoo.ru,https://garden-zoo.ru/categories/dlia-sadovykh-tsvetov,Для садовых цветов,"Удобрение Флоровит для папоротников 0,25кг",175,руб.,,
157,https://garden-zoo.ru,https://garden-zoo.ru/categories/dlia-sadovykh-tsvetov,Для садовых цветов,"Удобрение Флоровит для пеларгонии 0,55кг",262,руб.,,
158,https://garden-zoo.ru,https://garden-zoo.ru/categories/dlia-sadovykh-tsvetov,Для садовых цветов,"Удобрение Флоровит для сурфинии 0,55кг",262,руб.,,
159,https://garden-zoo.ru,https://garden-zoo.ru/categories/dlia-sadovykh-tsvetov,Для садовых цветов,"Удобрение Флоровит для рододендронов,гортензий 1кг гранулированное",336,руб.,,
160,https://garden-zoo.ru,https://garden-zoo.ru/categories/dlia-sadovykh-tsvetov,Для садовых цветов,Удобрение Флоровит для роз 1кг гранулированное,336,руб.,,
161,https://garden-zoo.ru,https://garden-zoo.ru/categories/dlia-sadovykh-tsvetov,Для садовых цветов,Удобрение Любо Зелено для Роз и цветов 1л,55,руб.,,
162,https://garden-zoo.ru,https://garden-zoo.ru/categories/dlia-sadovykh-tsvetov,Для садовых цветов,Удобрение Сотка для Цветов и Роз 20г (50),13,руб.,,
163,https://garden-zoo.ru,https://garden-zoo.ru/categories/dlia-sadovykh-tsvetov,Для садовых цветов,"Удобрение Любо Зелено для Роз и цветов 0,5л",99,руб.,,
164,https://garden-zoo.ru,https://garden-zoo.ru/categories/dlia-sadovykh-tsvetov,Для садовых цветов,Биокомплекс-БТУ 15мл,33,руб.,,
165,https://garden-zoo.ru,https://garden-zoo.ru/categories/dlia-sadovykh-tsvetov,Для садовых цветов,Биокомплекс-БТУ универсальный 100мл,96,руб.,,
166,https://garden-zoo.ru,https://garden-zoo.ru/categories/dlia-sadovykh-tsvetov,Для садовых цветов,Удобрение Любо Зелено для Роз и цветов 1кг брикет (12),77,руб.,,
167,https://garden-zoo.ru,https://garden-zoo.ru/categories/dlya-komnatnykh,Для комнатных,Удобрение БОНА ФОРТЕ для декоративно-лиственных 285мл красота,134,руб.,24, шт
168,https://garden-zoo.ru,https://garden-zoo.ru/categories/dlya-komnatnykh,Для комнатных,Удобрение БОНА ФОРТЕ для декоративно-цветущих 285мл,134,руб.,19, шт
169,https://garden-zoo.ru,https://garden-zoo.ru/categories/dlya-komnatnykh,Для комнатных,Удобрение БОНА ФОРТЕ для декоративно-лиственных 285мл здоровье,115,руб.,25, шт
170,https://garden-zoo.ru,https://garden-zoo.ru/categories/dlya-komnatnykh,Для комнатных,Удобрение БОНА ФОРТЕ для орхидей 285мл красота (20),134,руб.,14, шт
171,https://garden-zoo.ru,https://garden-zoo.ru/categories/dlya-komnatnykh,Для комнатных,Удобрение БОНА ФОРТЕ для роз и хризантем 285мл,134,руб.,14, шт
172,https://garden-zoo.ru,https://garden-zoo.ru/categories/dlya-komnatnykh,Для комнатных,Удобрение БОНА ФОРТЕ для фикусов и пальм 285мл,134,руб.,9, шт
173,https://garden-zoo.ru,https://garden-zoo.ru/categories/dlya-komnatnykh,Для комнатных,Удобрение БОНА ФОРТЕ для цитрусовых 285мл красота,134,руб.,11, шт
174,https://garden-zoo.ru,https://garden-zoo.ru/categories/dlya-komnatnykh,Для комнатных,Удобрение Агрикола Аква для декоративных 250мл,87,руб.,1, шт
175,https://garden-zoo.ru,https://garden-zoo.ru/categories/dlya-komnatnykh,Для комнатных,Удобрение Агрикола Аква для цветущих растений 250мл,87,руб.,10, шт
176,https://garden-zoo.ru,https://garden-zoo.ru/categories/dlya-komnatnykh,Для комнатных,БОНА ФОРТЕ тоник для листьев 500мл,210,руб.,1, шт
177,https://garden-zoo.ru,https://garden-zoo.ru/categories/dlya-komnatnykh,Для комнатных,Удобрение Агрикола Аква для комн и садовых роз 250мл,87,руб.,9, шт
178,https://garden-zoo.ru,https://garden-zoo.ru/categories/dlya-komnatnykh,Для комнатных,Удобрение Агрикола Аква для пальм 250мл,87,руб.,14, шт
179,https://garden-zoo.ru,https://garden-zoo.ru/categories/dlya-komnatnykh,Для комнатных,Удобрение Агрикола Аква для фикусов 250мл,87,руб.,11, шт
180,https://garden-zoo.ru,https://garden-zoo.ru/categories/dlya-komnatnykh,Для комнатных,Удобрение Цветочное счастье Тоник для орхидей 405мл,130,руб.,21, шт
181,https://garden-zoo.ru,https://garden-zoo.ru/categories/dlya-komnatnykh,Для комнатных,Удобрение Осеннее 3кг минеральное (10),217,руб.,1, шт
182,https://garden-zoo.ru,https://garden-zoo.ru/categories/dlya-komnatnykh,Для комнатных,Удобрение Нитроаммофоска 1кг минеральное (25),76,руб.,424, шт
183,https://garden-zoo.ru,https://garden-zoo.ru/categories/dlya-komnatnykh,Для комнатных,"Удобрение Террасол Осеннее 2,5кг (10)",221,руб.,3, шт
184,https://garden-zoo.ru,https://garden-zoo.ru/categories/dlya-komnatnykh,Для комнатных,"Удобрение ФлорГумат для декоративно-цветущих 0,5л (12)",71,руб.,60, шт
185,https://garden-zoo.ru,https://garden-zoo.ru/categories/dlya-komnatnykh,Для комнатных,"Удобрение ФлорГумат для декоративно-лиственных 0,5л",71,руб.,24, шт
186,https://garden-zoo.ru,https://garden-zoo.ru/categories/dlya-komnatnykh,Для комнатных,"Удобрение ФлорГумат для Орхидей 0,5л (12)",73,руб.,98, шт
187,https://garden-zoo.ru,https://garden-zoo.ru/categories/dlya-komnatnykh,Для комнатных,"Удобрение Гера Осеннее 2,5кг (10)",166,руб.,3, шт
188,https://garden-zoo.ru,https://garden-zoo.ru/categories/dlya-komnatnykh,Для комнатных,Удобрение БОНА ФОРТЕ для декоративно-цветущих 285мл здоровье,115,руб.,18, шт
189,https://garden-zoo.ru,https://garden-zoo.ru/categories/dlya-komnatnykh,Для комнатных,"Удобрение Флорика для декоративно-лиственных 0,3л (20)",62,руб.,44,
190,https://garden-zoo.ru,https://garden-zoo.ru/categories/dlya-komnatnykh,Для комнатных,"Удобрение Флорика для орхидей 0,3л (20)",69,руб.,21,
191,https://garden-zoo.ru,https://garden-zoo.ru/categories/dlya-komnatnykh,Для комнатных,"Удобрение Флорика для цветущих 0,3л (20)",64,руб.,33,
192,https://garden-zoo.ru,https://garden-zoo.ru/categories/dlya-komnatnykh,Для комнатных,"Удобрение Бочка и четыре ведра гумат азота 0,6л (12)",92,руб.,4,
193,https://garden-zoo.ru,https://garden-zoo.ru/categories/dlya-komnatnykh,Для комнатных,БОНА ФОРТЕ тоник для орхидей 500 мл,232,руб.,2,
194,https://garden-zoo.ru,https://garden-zoo.ru/categories/dlya-komnatnykh,Для комнатных,Удобрение БОНА ФОРТЕ для фиалок и бегоний 285мл здоровье,115,руб.,15,
195,https://garden-zoo.ru,https://garden-zoo.ru/categories/dlya-komnatnykh,Для комнатных,Удобрение БОНА ФОРТЕ для фикусов и пальм 285мл здоровье,115,руб.,10,
196,https://garden-zoo.ru,https://garden-zoo.ru/categories/dlya-komnatnykh,Для комнатных,Удобрение БОНА ФОРТЕ для кактусов 285мл,134,руб.,20,
197,https://garden-zoo.ru,https://garden-zoo.ru/categories/dlya-komnatnykh,Для комнатных,Средство для окраски гортензий 300г,199,руб.,21,
198,https://garden-zoo.ru,https://garden-zoo.ru/categories/dlya-komnatnykh,Для комнатных,Удобрение Оргавит Куриный 200гр,94,руб.,22,
199,https://garden-zoo.ru,https://garden-zoo.ru/categories/dlya-komnatnykh,Для комнатных,"Удобрение Флоровит для лиственных 0,24л",175,руб.,8,
200,https://garden-zoo.ru,https://garden-zoo.ru/categories/dlya-komnatnykh,Для комнатных,"Удобрение Флоровит для кактусов 0,25кг",175,руб.,3,
201,https://garden-zoo.ru,https://garden-zoo.ru/categories/dlya-komnatnykh,Для комнатных,"Удобрение Флоровит для пальм,юкк 0,25кг",175,руб.,6,
202,https://garden-zoo.ru,https://garden-zoo.ru/categories/dlya-komnatnykh,Для комнатных,"Удобрение Флоровит для бонсай 0,25кг",216,руб.,8,
203,https://garden-zoo.ru,https://garden-zoo.ru/categories/dlya-komnatnykh,Для комнатных,Удобрение БОНА ФОРТЕ для орхидей 285мл здоровье (20),115,руб.,50, шт
204,https://garden-zoo.ru,https://garden-zoo.ru/categories/dlya-komnatnykh,Для комнатных,Удобрение БОНА ФОРТЕ для петуний 285мл,134,руб.,4,
205,https://garden-zoo.ru,https://garden-zoo.ru/categories/dlya-komnatnykh,Для комнатных,Удобрение Реасил Соил кондиционер для восстановления плодородия почв 3кг,556,руб.,33,
206,https://garden-zoo.ru,https://garden-zoo.ru/categories/dlya-komnatnykh,Для комнатных,БОНА ФОРТЕ для срезанных цветов 15г,18,руб.,102,
207,https://garden-zoo.ru,https://garden-zoo.ru/categories/dlya-komnatnykh,Для комнатных,"Удобрение Биогумус Флоризел для роз, 350 мл",61,руб.,3,
208,https://garden-zoo.ru,https://garden-zoo.ru/categories/dlya-komnatnykh,Для комнатных,"Удобрение Биогумус Флоризел универсальный, 500 мл",71,руб.,23,
209,https://garden-zoo.ru,https://garden-zoo.ru/categories/dlya-komnatnykh,Для комнатных,"Удобрение БиоМастер Конская сила, 10 таблеток",136,руб.,113,
210,https://garden-zoo.ru,https://garden-zoo.ru/categories/dlya-komnatnykh,Для комнатных,"Удобрение БиоМастер Орхидея водораств. саше,100 г.",38,руб.,137,
211,https://garden-zoo.ru,https://garden-zoo.ru/categories/dlya-komnatnykh,Для комнатных,"Удобрение БиоМастер Орхидея, 10*5 мл",109,руб.,82,
212,https://garden-zoo.ru,https://garden-zoo.ru/categories/dlya-komnatnykh,Для комнатных,"Набор компонетов БиоМастер Орхидея, 2л +удобрение, 5 мл (15)",77,руб.,186,
213,https://garden-zoo.ru,https://garden-zoo.ru/categories/dlya-komnatnykh,Для комнатных,"Паста цитокининовая БиоМастер Орхидея, 1,5 мл",69,руб.,45, шт
214,https://garden-zoo.ru,https://garden-zoo.ru/categories/dlya-komnatnykh,Для комнатных,"Удобрение Покон для бонсай, 250 мл",225,руб.,1,
215,https://garden-zoo.ru,https://garden-zoo.ru/categories/dlya-komnatnykh,Для комнатных,"Удобрение Покон Зеленая сила, 250мл",331,руб.,4,
216,https://garden-zoo.ru,https://garden-zoo.ru/categories/dlya-komnatnykh,Для комнатных,"Удобрение Гера Осеннее 0,9кг (25)",71,руб.,381,
217,https://garden-zoo.ru,https://garden-zoo.ru/categories/dlia-plodovoiagodnykh-kultur,Для плодово-ягодных культур,Удобрение Робин Грин для клубники 1 кг,137,руб.,216, шт
218,https://garden-zoo.ru,https://garden-zoo.ru/categories/dlia-plodovoiagodnykh-kultur,Для плодово-ягодных культур,Удобрение Здравень Турбо для клубники 30г,16,руб.,63,
219,https://garden-zoo.ru,https://garden-zoo.ru/categories/dlia-plodovoiagodnykh-kultur,Для плодово-ягодных культур,Удобрение Здравень Турбо для винограда 150г,59,руб.,159,
220,https://garden-zoo.ru,https://garden-zoo.ru/categories/dlia-plodovoiagodnykh-kultur,Для плодово-ягодных культур,Удобрение для цветов и ягод 50г минеральное(50),29,руб.,80,
221,https://garden-zoo.ru,https://garden-zoo.ru/categories/dlia-plodovoiagodnykh-kultur,Для плодово-ягодных культур,Удобрение Агрис для ягод 500мл,143,руб.,5,
222,https://garden-zoo.ru,https://garden-zoo.ru/categories/dlia-plodovoiagodnykh-kultur,Для плодово-ягодных культур,"Удобрение Гера для Клубники и Земляники 0,9кг (25)",69,руб.,42,
223,https://garden-zoo.ru,https://garden-zoo.ru/categories/dlia-plodovoiagodnykh-kultur,Для плодово-ягодных культур,"Удобрение БиоМастер Сладкий виноград, 1,2 кг",254,руб.,43,
224,https://garden-zoo.ru,https://garden-zoo.ru/categories/dlia-plodovoiagodnykh-kultur,Для плодово-ягодных культур,"Удобрение БиоМастер Ароматная клубника, 1,2 кг",254,руб.,40,
225,https://garden-zoo.ru,https://garden-zoo.ru/categories/dlia-plodovoiagodnykh-kultur,Для плодово-ягодных культур,"Удобрение Биогумус Флоризел для клубники, 350 мл",61,руб.,38,
226,https://garden-zoo.ru,https://garden-zoo.ru/categories/dlia-plodovoiagodnykh-kultur,Для плодово-ягодных культур,Удобрение Любо Зелено для Клубники и ягод 500мл (15),85,руб.,27,
227,https://garden-zoo.ru,https://garden-zoo.ru/categories/dlia-plodovoiagodnykh-kultur,Для плодово-ягодных культур,Удобрение Любо Зелено Виноград 500мл,116,руб.,12,
228,https://garden-zoo.ru,https://garden-zoo.ru/categories/dlia-plodovoiagodnykh-kultur,Для плодово-ягодных культур,Табазол Инта-Вир 1кг(15),100,руб.,1546,
229,https://garden-zoo.ru,https://garden-zoo.ru/categories/dlia-plodovoiagodnykh-kultur,Для плодово-ягодных культур,Удобрение Сотка для Клубники и ягод 1кг пакет (12),66,руб.,60,
230,https://garden-zoo.ru,https://garden-zoo.ru/categories/dlia-plodovoiagodnykh-kultur,Для плодово-ягодных культур,Удобрение Здравень Турбо для винограда 30г,15,руб.,174,
231,https://garden-zoo.ru,https://garden-zoo.ru/categories/dlia-plodovoiagodnykh-kultur,Для плодово-ягодных культур,"Удобрение Робин Грин для клубники 1,2кг органоминеральное гранулы (4)",154,руб.,33, шт
232,https://garden-zoo.ru,https://garden-zoo.ru/categories/dlia-plodovoiagodnykh-kultur,Для плодово-ягодных культур,"Удобрение Гера для Клубники 0,5кг (30)",58,руб.,221, шт
233,https://garden-zoo.ru,https://garden-zoo.ru/categories/dlia-plodovoiagodnykh-kultur,Для плодово-ягодных культур,"Удобрение Террасол Ягодное 2,5кг (10)",266,руб.,20, шт
234,https://garden-zoo.ru,https://garden-zoo.ru/categories/dlia-plodovoiagodnykh-kultur,Для плодово-ягодных культур,Удобрение для Клубники и Земляники 1кг минеральное (20),68,руб.,695, шт
235,https://garden-zoo.ru,https://garden-zoo.ru/categories/dlia-plodovoiagodnykh-kultur,Для плодово-ягодных культур,Удобрение Агрикола № 8 (ЯГОДНЫЕ КУЛЬТУРЫ)50г,29,руб.,153, шт
236,https://garden-zoo.ru,https://garden-zoo.ru/categories/dlia-plodovoiagodnykh-kultur,Для плодово-ягодных культур,Энерген Аква Бор 250мл,84,руб.,,
237,https://garden-zoo.ru,https://garden-zoo.ru/categories/dlia-plodovoiagodnykh-kultur,Для плодово-ягодных культур,Энерген Аква Хелаты 250мл,84,руб.,,
238,https://garden-zoo.ru,https://garden-zoo.ru/categories/dlia-plodovoiagodnykh-kultur,Для плодово-ягодных культур,Удобрение для Винограда 1кг минеральное,84,руб.,,
239,https://garden-zoo.ru,https://garden-zoo.ru/categories/dlia-plodovoiagodnykh-kultur,Для плодово-ягодных культур,Удобрение БиоМастер Рубин для клубники 1кг (14),112,руб.,,
240,https://garden-zoo.ru,https://garden-zoo.ru/categories/dlia-plodovoiagodnykh-kultur,Для плодово-ягодных культур,Удобрение Почвопротектор для плодово-ягодных 1кг минеральное (5),85,руб.,,
241,https://garden-zoo.ru,https://garden-zoo.ru/categories/dlia-plodovoiagodnykh-kultur,Для плодово-ягодных культур,"Удобрение Покон универсальное для ягодных кустов и клубники, 800 гр",562,руб.,,
242,https://garden-zoo.ru,https://garden-zoo.ru/categories/dlia-plodovoiagodnykh-kultur,Для плодово-ягодных культур,"Удобрение Покон для вьющихся растений и винограда, 1 кг",581,руб.,,
243,https://garden-zoo.ru,https://garden-zoo.ru/categories/dlia-plodovoiagodnykh-kultur,Для плодово-ягодных культур,"Удобрение Вырастайка Клубника, 1 кг",61,руб.,,
244,https://garden-zoo.ru,https://garden-zoo.ru/categories/dlia-plodovoiagodnykh-kultur,Для плодово-ягодных культур,"Удобрение БиоМастер Сочные плодовые, 1,2 кг",205,руб.,,
245,https://garden-zoo.ru,https://garden-zoo.ru/categories/dlia-plodovoiagodnykh-kultur,Для плодово-ягодных культур,"Удобрение ОМУ Клубника,земляника 1кг",81,руб.,,
246,https://garden-zoo.ru,https://garden-zoo.ru/categories/dlia-plodovoiagodnykh-kultur,Для плодово-ягодных культур,Удобрение Флоровит для клубники и земляники 1кг гранулированное,336,руб.,,
247,https://garden-zoo.ru,https://garden-zoo.ru/categories/dlia-plodovoiagodnykh-kultur,Для плодово-ягодных культур,Удобрение Флоровит для брусники 1кг гранулированное,336,руб.,,
248,https://garden-zoo.ru,https://garden-zoo.ru/categories/dlia-plodovoiagodnykh-kultur,Для плодово-ягодных культур,Удобрение Любо Зелено для Клубники и ягод 1л,55,руб.,,
249,https://garden-zoo.ru,https://garden-zoo.ru/categories/dlia-plodovoiagodnykh-kultur,Для плодово-ягодных культур,Удобрение Сотка для Клубники и Ягод 20г (50),13,руб.,,
250,https://garden-zoo.ru,https://garden-zoo.ru/categories/dlia-plodovoiagodnykh-kultur,Для плодово-ягодных культур,Биокомплекс-БТУ 15мл,33,руб.,,
251,https://garden-zoo.ru,https://garden-zoo.ru/categories/dlia-plodovoiagodnykh-kultur,Для плодово-ягодных культур,Биокомплекс-БТУ универсальный 100мл,96,руб.,,
252,https://garden-zoo.ru,https://garden-zoo.ru/categories/dlia-plodovoiagodnykh-kultur,Для плодово-ягодных культур,Удобрение Любо Зелено для Клубники и ягод 1кг брикет (12),66,руб.,,
253,https://garden-zoo.ru,https://garden-zoo.ru/categories/dlia-plodovoiagodnykh-kultur,Для плодово-ягодных культур,Удобрение Любо-Зелено для Клубники и ягод 500мл,70,руб.,,
254,https://garden-zoo.ru,https://garden-zoo.ru/categories/dlia-plodovoiagodnykh-kultur,Для плодово-ягодных культур,Удобрение Любо Зелено для Клубники и ягод 1л (12),55,руб.,,
255,https://garden-zoo.ru,https://garden-zoo.ru/categories/dlia-plodovoiagodnykh-kultur,Для плодово-ягодных культур,"Удобрение Здравень Аква для винограда 1,85л с мерным стаканчиком",260,руб.,,
256,https://garden-zoo.ru,https://garden-zoo.ru/categories/dlia-plodovoiagodnykh-kultur,Для плодово-ягодных культур,"Удобрение Здравень Аква для винограда 0,5л с мерным стаканчиком",92,руб.,,
257,https://garden-zoo.ru,https://garden-zoo.ru/categories/dlia-plodovoiagodnykh-kultur,Для плодово-ягодных культур,Удобрение Гера Фруктовый сад 1кг (25),66,руб.,,
258,https://garden-zoo.ru,https://garden-zoo.ru/categories/dlia-plodovoiagodnykh-kultur,Для плодово-ягодных культур,"Удобрение ФлорГумат для Клубники 0,5л (12)",72,руб.,,
259,https://garden-zoo.ru,https://garden-zoo.ru/categories/dlia-khvoinykh-rastenii,Для хвойных растений,Удобрение Агрикола Аква для хвойных растений 250мл,91,руб.,2,
260,https://garden-zoo.ru,https://garden-zoo.ru/categories/dlia-khvoinykh-rastenii,Для хвойных растений,Удобрение Агрикола для хвойных растений 50г,29,руб.,81,
261,https://garden-zoo.ru,https://garden-zoo.ru/categories/dlia-khvoinykh-rastenii,Для хвойных растений,Удобрение БОНА ФОРТЕ для хвойных 285мл красота,134,руб.,3,
262,https://garden-zoo.ru,https://garden-zoo.ru/categories/dlia-khvoinykh-rastenii,Для хвойных растений,"Удобрение БиоМастер Изумрудные хвойные, 1,2 кг (5)",254,руб.,39,
263,https://garden-zoo.ru,https://garden-zoo.ru/categories/dlia-khvoinykh-rastenii,Для хвойных растений,"Удобрение Биогумус Флоризел для хвойных, 350 мл",61,руб.,33,
264,https://garden-zoo.ru,https://garden-zoo.ru/categories/dlia-khvoinykh-rastenii,Для хвойных растений,"Удобрение Террасол Хвойное 2,5кг (10)",305,руб.,2, шт
265,https://garden-zoo.ru,https://garden-zoo.ru/categories/dlia-khvoinykh-rastenii,Для хвойных растений,Удобрение Фертика Хвойное 100г,90,руб.,3, шт
266,https://garden-zoo.ru,https://garden-zoo.ru/categories/dlia-khvoinykh-rastenii,Для хвойных растений,Удобрение Здравень Турбо для хвойных 30г,16,руб.,,
267,https://garden-zoo.ru,https://garden-zoo.ru/categories/dlia-khvoinykh-rastenii,Для хвойных растений,"Удобрение Здравень Аква для садовых декор и хвойных культур 0,5л с мерным стаканчиком",92,руб.,,
268,https://garden-zoo.ru,https://garden-zoo.ru/categories/dlia-khvoinykh-rastenii,Для хвойных растений,Удобрение Агрис для хвойных 250мл,97,руб.,,
269,https://garden-zoo.ru,https://garden-zoo.ru/categories/dlia-khvoinykh-rastenii,Для хвойных растений,БОНА ФОРТЕ спрей для хвойных 500 мл,224,руб.,,
270,https://garden-zoo.ru,https://garden-zoo.ru/categories/dlia-khvoinykh-rastenii,Для хвойных растений,Удобрение БОНА ФОРТЕ для хвойных 285мл здоровье,115,руб.,,
271,https://garden-zoo.ru,https://garden-zoo.ru/categories/dlia-khvoinykh-rastenii,Для хвойных растений,"Удобрение Покон для хвойных от покоричневения, 1 кг",430,руб.,,
272,https://garden-zoo.ru,https://garden-zoo.ru/categories/dlia-khvoinykh-rastenii,Для хвойных растений,Удобрение Флоровит против побурения хвои 1кг гранулированное,336,руб.,,
273,https://garden-zoo.ru,https://garden-zoo.ru/categories/dlia-khvoinykh-rastenii,Для хвойных растений,Удобрение Флоровит для хвойных 3кг гранулированное,833,руб.,,
274,https://garden-zoo.ru,https://garden-zoo.ru/categories/dlia-khvoinykh-rastenii,Для хвойных растений,Удобрение Флоровит для хвойных 1кг гранулированное,336,руб.,,
275,https://garden-zoo.ru,https://garden-zoo.ru/categories/dlia-khvoinykh-rastenii,Для хвойных растений,Удобрение Флоровит для хвойных 3кг осень гранулированное,833,руб.,,
276,https://garden-zoo.ru,https://garden-zoo.ru/categories/dlia-khvoinykh-rastenii,Для хвойных растений,Удобрение Любо Зелено для Хвойных 1л,55,руб.,,
277,https://garden-zoo.ru,https://garden-zoo.ru/categories/dlia-khvoinykh-rastenii,Для хвойных растений,"Удобрение Любо Зелено для Хвойных 0,5л",99,руб.,,
278,https://garden-zoo.ru,https://garden-zoo.ru/categories/dlia-khvoinykh-rastenii,Для хвойных растений,Биокомплекс-БТУ 15мл,33,руб.,,
279,https://garden-zoo.ru,https://garden-zoo.ru/categories/dlia-khvoinykh-rastenii,Для хвойных растений,Биокомплекс-БТУ универсальный 100мл,96,руб.,,
280,https://garden-zoo.ru,https://garden-zoo.ru/categories/dlia-khvoinykh-rastenii,Для хвойных растений,Удобрение Любо Зелено для Хвойных 1кг брикет (12),57,руб.,,
281,https://garden-zoo.ru,https://garden-zoo.ru/categories/dlia-khvoinykh-rastenii,Для хвойных растений,Удобрение Любо Зелено для Хвойных 500мл (12),99,руб.,,
282,https://garden-zoo.ru,https://garden-zoo.ru/categories/dlia-khvoinykh-rastenii,Для хвойных растений,Удобрение Любо Зелено для Хвойных 1л (12),55,руб.,,
283,https://garden-zoo.ru,https://garden-zoo.ru/categories/dlia-khvoinykh-rastenii,Для хвойных растений,Удобрение Четыре сезона для хвойных 1л,170,руб.,,
284,https://garden-zoo.ru,https://garden-zoo.ru/categories/dlia-khvoinykh-rastenii,Для хвойных растений,Удобрение Здравень Турбо для хвойных 150г,61,руб.,,
285,https://garden-zoo.ru,https://garden-zoo.ru/categories/dlia-khvoinykh-rastenii,Для хвойных растений,Удобрение МультиФлор для хвойных растений 50гр,22,руб.,,
286,https://garden-zoo.ru,https://garden-zoo.ru/categories/dlia-khvoinykh-rastenii,Для хвойных растений,Удобрение БОНА ФОРТЕ для хвойных с эжектором 1л.,"617,30",руб.,,
287,https://garden-zoo.ru,https://garden-zoo.ru/categories/dlia-khvoinykh-rastenii,Для хвойных растений,"Удобрение Гера Хвойное 0,9кг",68,руб.,,
288,https://garden-zoo.ru,https://garden-zoo.ru/categories/dlia-khvoinykh-rastenii,Для хвойных растений,Удобрение Грин Бум для хвойных 1л (6),193,руб.,,
289,https://garden-zoo.ru,https://garden-zoo.ru/categories/dlia-khvoinykh-rastenii,Для хвойных растений,Удобрение Покон для хвойных 900г,738,руб.,,
290,https://garden-zoo.ru,https://garden-zoo.ru/categories/dlia-khvoinykh-rastenii,Для хвойных растений,"Удобрение БОНА ФОРТЕ для хвойных 1,5л (4)",338,руб.,,
291,https://garden-zoo.ru,https://garden-zoo.ru/categories/dlia-gazonnykh-trav,Для газонных трав,Удобрение Террасол Газон 10кг весна-лето,749,руб.,12,
292,https://garden-zoo.ru,https://garden-zoo.ru/categories/dlia-gazonnykh-trav,Для газонных трав,"Удобрение Здравень Аква для газонов 1,85л с мерным стаканчиком",260,руб.,6,
293,https://garden-zoo.ru,https://garden-zoo.ru/categories/dlia-gazonnykh-trav,Для газонных трав,"Удобрение Биогумус Флоризел для газона, 500 мл",71,руб.,48,
294,https://garden-zoo.ru,https://garden-zoo.ru/categories/dlia-gazonnykh-trav,Для газонных трав,Удобрение Флоровит для газона 3кг осень гранулированное,833,руб.,5,
295,https://garden-zoo.ru,https://garden-zoo.ru/categories/dlia-gazonnykh-trav,Для газонных трав,Удобрение Любо Зелено Газон-Осень 1кг (12),81,руб.,11,
296,https://garden-zoo.ru,https://garden-zoo.ru/categories/dlia-gazonnykh-trav,Для газонных трав,"Удобрение Любо Зелено Газон-Лето 2,5кг ведро",206,руб.,33,
297,https://garden-zoo.ru,https://garden-zoo.ru/categories/dlia-gazonnykh-trav,Для газонных трав,Удобрение Любо Зелено Газон-Лето 1кг  (12),74,руб.,57,
298,https://garden-zoo.ru,https://garden-zoo.ru/categories/dlia-gazonnykh-trav,Для газонных трав,"Удобрение Любо Зелено Газон-Весна 2,5кг ведро",197,руб.,41,
299,https://garden-zoo.ru,https://garden-zoo.ru/categories/dlia-gazonnykh-trav,Для газонных трав,Удобрение Любо Зелено Газон-Весна 1кг (12),70,руб.,40,
300,https://garden-zoo.ru,https://garden-zoo.ru/categories/dlia-gazonnykh-trav,Для газонных трав,Удобрение Любо Зелено для Газона 500мл (12),74,руб.,18,
301,https://garden-zoo.ru,https://garden-zoo.ru/categories/dlia-gazonnykh-trav,Для газонных трав,Удобрение Газон 3 кг минеральное (10),172,руб.,51, шт
302,https://garden-zoo.ru,https://garden-zoo.ru/categories/dlia-gazonnykh-trav,Для газонных трав,Удобрение Террасол Газон 5кг осень,399,руб.,2, шт
303,https://garden-zoo.ru,https://garden-zoo.ru/categories/dlia-gazonnykh-trav,Для газонных трав,"Удобрение Террасол Газон 2,5кг весна-лето (10)",197,руб.,3, шт
304,https://garden-zoo.ru,https://garden-zoo.ru/categories/dlia-gazonnykh-trav,Для газонных трав,Удобрение Грин Бум для газона 1л (6),193,руб.,8, шт
305,https://garden-zoo.ru,https://garden-zoo.ru/categories/dlia-gazonnykh-trav,Для газонных трав,Удобрение Покон для газонов 900г,818,руб.,1, шт
306,https://garden-zoo.ru,https://garden-zoo.ru/categories/dlia-gazonnykh-trav,Для газонных трав,Удобрение Террасол Газон 5кг весна-лето (5),372,руб.,,
307,https://garden-zoo.ru,https://garden-zoo.ru/categories/dlia-gazonnykh-trav,Для газонных трав,Удобрение Агрис для газона 500мл,143,руб.,,
308,https://garden-zoo.ru,https://garden-zoo.ru/categories/dlia-gazonnykh-trav,Для газонных трав,"Удобрение Сотка для Газона 2,5кг осень пакет",136,руб.,,
309,https://garden-zoo.ru,https://garden-zoo.ru/categories/dlia-gazonnykh-trav,Для газонных трав,Удобрение Зеленая игла 1кг,239,руб.,,
310,https://garden-zoo.ru,https://garden-zoo.ru/categories/dlia-gazonnykh-trav,Для газонных трав,Удобрение для Газонов 1кг,88,руб.,,
311,https://garden-zoo.ru,https://garden-zoo.ru/categories/dlia-gazonnykh-trav,Для газонных трав,Удобрение Азот для газона 500мл,143,руб.,,
312,https://garden-zoo.ru,https://garden-zoo.ru/categories/dlia-gazonnykh-trav,Для газонных трав,Удобрение Реасил Соил кондиционер супер газон 3кг,426,руб.,,
313,https://garden-zoo.ru,https://garden-zoo.ru/categories/dlia-gazonnykh-trav,Для газонных трав,Удобрение Реасил Соил кондиционер супер газон 1кг,174,руб.,,
314,https://garden-zoo.ru,https://garden-zoo.ru/categories/dlia-gazonnykh-trav,Для газонных трав,Удобрение Сотка для Газона 5кг весна-лето пакет,231,руб.,,
315,https://garden-zoo.ru,https://garden-zoo.ru/categories/dlia-gazonnykh-trav,Для газонных трав,"Удобрение Любо Зелено Газон пышный рост 2,5 кг",133,руб.,,
316,https://garden-zoo.ru,https://garden-zoo.ru/categories/dlia-gazonnykh-trav,Для газонных трав,Удобрение Любо Зелено Газон защита от мха и пожелтения 500мл (15),95,руб.,,
317,https://garden-zoo.ru,https://garden-zoo.ru/categories/dlia-gazonnykh-trav,Для газонных трав,Биокомплекс-БТУ 15мл,33,руб.,,
318,https://garden-zoo.ru,https://garden-zoo.ru/categories/dlia-gazonnykh-trav,Для газонных трав,Биокомплекс-БТУ универсальный 100мл,96,руб.,,
319,https://garden-zoo.ru,https://garden-zoo.ru/categories/dlia-gazonnykh-trav,Для газонных трав,"Удобрение Сотка для Газона 2,5кг весна-лето пакет (6)",133,руб.,,
320,https://garden-zoo.ru,https://garden-zoo.ru/categories/dlia-gazonnykh-trav,Для газонных трав,Биосостав Дачный-Газон 300мл,"167,80",руб.,,
321,https://garden-zoo.ru,https://garden-zoo.ru/categories/dlia-gazonnykh-trav,Для газонных трав,Удобрение МультиФлор Аква для газонов 250мл,40,руб.,,
322,https://garden-zoo.ru,https://garden-zoo.ru/categories/dlia-gazonnykh-trav,Для газонных трав,Удобрение Газон 5 кг минеральное (5),274,руб.,,
323,https://garden-zoo.ru,https://garden-zoo.ru/categories/dlia-gazonnykh-trav,Для газонных трав,Удобрение МультиФлор подкормочное для газонов 50гр,25,руб.,,
324,https://garden-zoo.ru,https://garden-zoo.ru/categories/dlia-gazonnykh-trav,Для газонных трав,Удобрение Робин Грин Газон 1кг,322,руб.,,
325,https://garden-zoo.ru,https://garden-zoo.ru/categories/dlia-gazonnykh-trav,Для газонных трав,Удобрение БОНА ФОРТЕ для газонов 1л с эжектором (8),"617,30",руб.,,
326,https://garden-zoo.ru,https://garden-zoo.ru/categories/dlia-gazonnykh-trav,Для газонных трав,Биосостав Дачный-Газон 800г,"300,90",руб.,,
327,https://garden-zoo.ru,https://garden-zoo.ru/categories/dlia-gazonnykh-trav,Для газонных трав,"Удобрение Гера Газонное 2,5кг (12)",143,руб.,,
328,https://garden-zoo.ru,https://garden-zoo.ru/categories/dlia-gazonnykh-trav,Для газонных трав,"Удобрение ФлорГумат для Газонных трав 0,5л (12)","54,90",руб.,,
329,https://garden-zoo.ru,https://garden-zoo.ru/categories/dlia-gazonnykh-trav,Для газонных трав,"Удобрение БОНА ФОРТЕ для газонов 1,5л (4)",410,руб.,,
330,https://garden-zoo.ru,https://garden-zoo.ru/categories/universalnye,Универсальные удобрения,"БиоМастер Аммиачная вода 10% 0,5л",70,руб.,110,
331,https://garden-zoo.ru,https://garden-zoo.ru/categories/universalnye,Универсальные удобрения,Удобрение Калийная селитра плюс 500мл (9),89,руб.,14, шт
332,https://garden-zoo.ru,https://garden-zoo.ru/categories/universalnye,Универсальные удобрения,"Удобрение Огородник Фосфорное Гранулированное 0,7кг минеральное",43,руб.,328,
333,https://garden-zoo.ru,https://garden-zoo.ru/categories/universalnye,Универсальные удобрения,"Удобрение Монофосфат калия 0,5кг",190,руб.,140, шт
334,https://garden-zoo.ru,https://garden-zoo.ru/categories/universalnye,Универсальные удобрения,Удобрение Калий азотнокислый 20г (селитра калиевая) (60),10,руб.,1,
335,https://garden-zoo.ru,https://garden-zoo.ru/categories/universalnye,Универсальные удобрения,"Удобрение Калий азотнокислый 0,5кг (селитра калиевая) (40)",98,руб.,5, шт
336,https://garden-zoo.ru,https://garden-zoo.ru/categories/universalnye,Универсальные удобрения,ГУМИ-90 универсал 6гр,8,руб.,112,
337,https://garden-zoo.ru,https://garden-zoo.ru/categories/universalnye,Универсальные удобрения,Зола ДЖОЙ гранулированная 140гр,62,руб.,56,
338,https://garden-zoo.ru,https://garden-zoo.ru/categories/universalnye,Универсальные удобрения,"Гибберсиб Универсальный 0,1г",20,руб.,289,
339,https://garden-zoo.ru,https://garden-zoo.ru/categories/universalnye,Универсальные удобрения,Удобрение Карбамид плюс 500мл (9),93,руб.,23, шт
340,https://garden-zoo.ru,https://garden-zoo.ru/categories/universalnye,Универсальные удобрения,Хелат цинка 10гр,24,руб.,299,
341,https://garden-zoo.ru,https://garden-zoo.ru/categories/universalnye,Универсальные удобрения,Хелат железа 10гр,23,руб.,208,
342,https://garden-zoo.ru,https://garden-zoo.ru/categories/universalnye,Универсальные удобрения,Мел кормовой 2кг,77,руб.,58,
343,https://garden-zoo.ru,https://garden-zoo.ru/categories/universalnye,Универсальные удобрения,"Удобрение Здравень Аква универсальный 0,5л с мерным стаканчиком",92,руб.,29,
344,https://garden-zoo.ru,https://garden-zoo.ru/categories/universalnye,Универсальные удобрения,ГУМИ-30 универсал 100гр,17,руб.,229,
345,https://garden-zoo.ru,https://garden-zoo.ru/categories/universalnye,Универсальные удобрения,"Удобрение Террасол Весна-лето 2,5кг (10)",194,руб.,35,
346,https://garden-zoo.ru,https://garden-zoo.ru/categories/universalnye,Универсальные удобрения,Борная кислота 10гр,15,руб.,724,
347,https://garden-zoo.ru,https://garden-zoo.ru/categories/universalnye,Универсальные удобрения,Удобрение для Декоративных Кустарников 1кг (25),57,руб.,112,
348,https://garden-zoo.ru,https://garden-zoo.ru/categories/universalnye,Универсальные удобрения,ГУМИ-30-универсал паста 300гр,41,руб.,152,
349,https://garden-zoo.ru,https://garden-zoo.ru/categories/universalnye,Универсальные удобрения,"Удобрение Гера 3D универсальное 0,5л",62,руб.,1,
350,https://garden-zoo.ru,https://garden-zoo.ru/categories/universalnye,Универсальные удобрения,Удобрение Крепыш 50г Гумат калия (50),22,руб.,85,
351,https://garden-zoo.ru,https://garden-zoo.ru/categories/universalnye,Универсальные удобрения,"Удобрение ДЖОЙ Биогумус 0,5л",80,руб.,9, шт
352,https://garden-zoo.ru,https://garden-zoo.ru/categories/universalnye,Универсальные удобрения,"Удобрение Наша Дача Универсальный Гумат 0,5л",55,руб.,78,
353,https://garden-zoo.ru,https://garden-zoo.ru/categories/universalnye,Универсальные удобрения,Раскислитель Огородник Известняковая (доломитовая) мука 2 кг (10),43,руб.,224, шт
354,https://garden-zoo.ru,https://garden-zoo.ru/categories/universalnye,Универсальные удобрения,Удобрение Агрис универсальное 500мл,154,руб.,5,
355,https://garden-zoo.ru,https://garden-zoo.ru/categories/universalnye,Универсальные удобрения,Удобрение Агрис универсальное 250мл,97,руб.,2,
356,https://garden-zoo.ru,https://garden-zoo.ru/categories/universalnye,Универсальные удобрения,Удобрение Агрис NPK 250мл,97,руб.,16,
357,https://garden-zoo.ru,https://garden-zoo.ru/categories/universalnye,Универсальные удобрения,"Удобрение Гера Суперфосфат двойной 0,9кг (25)",77,руб.,1, шт
358,https://garden-zoo.ru,https://garden-zoo.ru/categories/universalnye,Универсальные удобрения,Удобрение Суперфосфат Гранулированный 1кг минеральное (25),112,руб.,55,
359,https://garden-zoo.ru,https://garden-zoo.ru/categories/universalnye,Универсальные удобрения,Удобрение Карбамид (мочевина) 800г минеральное (25),60,руб.,379,
360,https://garden-zoo.ru,https://garden-zoo.ru/categories/universalnye,Универсальные удобрения,Удобрение Наша Дача Карбамид 1кг (20),64,руб.,541,
361,https://garden-zoo.ru,https://garden-zoo.ru/categories/universalnye,Универсальные удобрения,Яичная скорлупа 5кг,95,руб.,30,
362,https://garden-zoo.ru,https://garden-zoo.ru/categories/universalnye,Универсальные удобрения,Зола Лама Торф 1кг гранулированная,54,руб.,418,
363,https://garden-zoo.ru,https://garden-zoo.ru/categories/universalnye,Универсальные удобрения,"Суспензия Хлореллы 0,3л (12)",47,руб.,27,
364,https://garden-zoo.ru,https://garden-zoo.ru/categories/universalnye,Универсальные удобрения,"Лигногумат ДЖОЙ ДМ-NPK 6%  Универсал - плюс 0,33л",83,руб.,29,
365,https://garden-zoo.ru,https://garden-zoo.ru/categories/universalnye,Универсальные удобрения,Эликсир ДЖОЙ биостимулятор монодоза 40 мл,45,руб.,20,
366,https://garden-zoo.ru,https://garden-zoo.ru/categories/universalnye,Универсальные удобрения,Удобрение ДЖОЙ Биогумус монодоза 40 мл,27,руб.,57,
367,https://garden-zoo.ru,https://garden-zoo.ru/categories/universalnye,Универсальные удобрения,Удобрение ДЖОЙ Агроминерал монодоза  40 мл,42,руб.,84,
368,https://garden-zoo.ru,https://garden-zoo.ru/categories/universalnye,Универсальные удобрения,Удобрение Агрикола Экогель антистресс 20 мл,39,руб.,94,
369,https://garden-zoo.ru,https://garden-zoo.ru/categories/universalnye,Универсальные удобрения,Удобрение Осеннее 1кг минеральное (20),76,руб.,626, шт
370,https://garden-zoo.ru,https://garden-zoo.ru/categories/universalnye,Универсальные удобрения,"Удобрение На Грядку 0,5кг Осень минеральное",40,руб.,58,
371,https://garden-zoo.ru,https://garden-zoo.ru/categories/universalnye,Универсальные удобрения,"Удобрение Гера Осеннее 0,9кг (25)",71,руб.,381,
372,https://garden-zoo.ru,https://garden-zoo.ru/categories/universalnye,Универсальные удобрения,"Удобрение БиоМастер Конская сила, 10 таблеток",136,руб.,113,
373,https://garden-zoo.ru,https://garden-zoo.ru/categories/universalnye,Универсальные удобрения,"Удобрение Биогумус Флоризел универсальный, 500 мл",71,руб.,23,
374,https://garden-zoo.ru,https://garden-zoo.ru/categories/universalnye,Универсальные удобрения,Удобрение Реасил Соил кондиционер для восстановления плодородия почв 3кг,556,руб.,33,
375,https://garden-zoo.ru,https://garden-zoo.ru/categories/universalnye,Универсальные удобрения,"Удобрение Флоровит комбинированное 0,5л",175,руб.,8,
376,https://garden-zoo.ru,https://garden-zoo.ru/categories/universalnye,Универсальные удобрения,Удобрение Сотка Универсальное 40г (25),18,руб.,113,
377,https://garden-zoo.ru,https://garden-zoo.ru/categories/universalnye,Универсальные удобрения,Удобрение Оргавит Куриный 200гр,94,руб.,22,
378,https://garden-zoo.ru,https://garden-zoo.ru/categories/universalnye,Универсальные удобрения,Удобрение Куриный Помет 800г органика (20),45,руб.,654, шт
379,https://garden-zoo.ru,https://garden-zoo.ru/categories/universalnye,Универсальные удобрения,Удобрение Сотка Суперфосфат 1кг брикет (12),76,руб.,44,
380,https://garden-zoo.ru,https://garden-zoo.ru/categories/stimulyatory-rosta-i-razvitiya-rastenii,Стимуляторы роста растений,Эпин-Экстра 1мл,22,руб.,558, шт
381,https://garden-zoo.ru,https://garden-zoo.ru/categories/stimulyatory-rosta-i-razvitiya-rastenii,Стимуляторы роста растений,НВ-101 10г стимулятор роста,100,руб.,499, шт
382,https://garden-zoo.ru,https://garden-zoo.ru/categories/stimulyatory-rosta-i-razvitiya-rastenii,Стимуляторы роста растений,Завязь 2г,44,руб.,175, шт
383,https://garden-zoo.ru,https://garden-zoo.ru/categories/stimulyatory-rosta-i-razvitiya-rastenii,Стимуляторы роста растений,"Бутон2 ,томаты",32,руб.,49,
384,https://garden-zoo.ru,https://garden-zoo.ru/categories/stimulyatory-rosta-i-razvitiya-rastenii,Стимуляторы роста растений,Завязь Огурец 2гр,40,руб.,64, шт
385,https://garden-zoo.ru,https://garden-zoo.ru/categories/stimulyatory-rosta-i-razvitiya-rastenii,Стимуляторы роста растений,Бутон 10г,47,руб.,106, шт
386,https://garden-zoo.ru,https://garden-zoo.ru/categories/stimulyatory-rosta-i-razvitiya-rastenii,Стимуляторы роста растений,Борная кислота 10гр,20,руб.,61, шт
387,https://garden-zoo.ru,https://garden-zoo.ru/categories/stimulyatory-rosta-i-razvitiya-rastenii,Стимуляторы роста растений,Циркон 1мл,22,руб.,138, шт
388,https://garden-zoo.ru,https://garden-zoo.ru/categories/stimulyatory-rosta-i-razvitiya-rastenii,Стимуляторы роста растений,Биосил 1мл,11,руб.,307,
389,https://garden-zoo.ru,https://garden-zoo.ru/categories/stimulyatory-rosta-i-razvitiya-rastenii,Стимуляторы роста растений,Гумат+7 10г,10,руб.,284, шт
390,https://garden-zoo.ru,https://garden-zoo.ru/categories/stimulyatory-rosta-i-razvitiya-rastenii,Стимуляторы роста растений,Агат 3мл,50,руб.,74,
391,https://garden-zoo.ru,https://garden-zoo.ru/categories/stimulyatory-rosta-i-razvitiya-rastenii,Стимуляторы роста растений,"Гетероауксин 2 таб. по 0,1г",29,руб.,84, шт
392,https://garden-zoo.ru,https://garden-zoo.ru/categories/stimulyatory-rosta-i-razvitiya-rastenii,Стимуляторы роста растений,НВ-101 6мл стимулятор роста,163,руб.,344, шт
393,https://garden-zoo.ru,https://garden-zoo.ru/categories/stimulyatory-rosta-i-razvitiya-rastenii,Стимуляторы роста растений,Экопин 1г стимулятор роста,14,руб.,121,
394,https://garden-zoo.ru,https://garden-zoo.ru/categories/stimulyatory-rosta-i-razvitiya-rastenii,Стимуляторы роста растений,Липосам биоприлипатель 8мл,22,руб.,466,
395,https://garden-zoo.ru,https://garden-zoo.ru/categories/stimulyatory-rosta-i-razvitiya-rastenii,Стимуляторы роста растений,Хелат марганца 10гр,24,руб.,224,
396,https://garden-zoo.ru,https://garden-zoo.ru/categories/stimulyatory-rosta-i-razvitiya-rastenii,Стимуляторы роста растений,Стимулятор роста Эй Джи Би  ДЖОЙ 50мл,103,руб.,21,
397,https://garden-zoo.ru,https://garden-zoo.ru/categories/stimulyatory-rosta-i-razvitiya-rastenii,Стимуляторы роста растений,Удобрение Карбамид плюс 500мл (9),93,руб.,23, шт
398,https://garden-zoo.ru,https://garden-zoo.ru/categories/stimulyatory-rosta-i-razvitiya-rastenii,Стимуляторы роста растений,"Гибберсиб Универсальный 0,1г",20,руб.,289,
399,https://garden-zoo.ru,https://garden-zoo.ru/categories/stimulyatory-rosta-i-razvitiya-rastenii,Стимуляторы роста растений,Биосил 1мл,13,руб.,338,
400,https://garden-zoo.ru,https://garden-zoo.ru/categories/stimulyatory-rosta-i-razvitiya-rastenii,Стимуляторы роста растений,Корневин 4г,14,руб.,115,
401,https://garden-zoo.ru,https://garden-zoo.ru/categories/stimulyatory-rosta-i-razvitiya-rastenii,Стимуляторы роста растений,Атлант Супер 15г,24,руб.,399,
402,https://garden-zoo.ru,https://garden-zoo.ru/categories/stimulyatory-rosta-i-razvitiya-rastenii,Стимуляторы роста растений,Дозреватель 1.7мл,81,руб.,74, шт
403,https://garden-zoo.ru,https://garden-zoo.ru/categories/stimulyatory-rosta-i-razvitiya-rastenii,Стимуляторы роста растений,Проросток 1мл,27,руб.,84,
404,https://garden-zoo.ru,https://garden-zoo.ru/categories/stimulyatory-rosta-i-razvitiya-rastenii,Стимуляторы роста растений,Оберег 1мл,35,руб.,75,
405,https://garden-zoo.ru,https://garden-zoo.ru/categories/stimulyatory-rosta-i-razvitiya-rastenii,Стимуляторы роста растений,Активатор ДЖОЙ для балконных цветов 2 табл.,57,руб.,22,
406,https://garden-zoo.ru,https://garden-zoo.ru/categories/stimulyatory-rosta-i-razvitiya-rastenii,Стимуляторы роста растений,Активатор ДЖОЙ для комн. цветов 2 табл.,57,руб.,,
407,https://garden-zoo.ru,https://garden-zoo.ru/categories/stimulyatory-rosta-i-razvitiya-rastenii,Стимуляторы роста растений,Активатор ДЖОЙ для орхидей 2 табл.,57,руб.,,
408,https://garden-zoo.ru,https://garden-zoo.ru/categories/stimulyatory-rosta-i-razvitiya-rastenii,Стимуляторы роста растений,Томатон 1мл,71,руб.,,
409,https://garden-zoo.ru,https://garden-zoo.ru/categories/stimulyatory-rosta-i-razvitiya-rastenii,Стимуляторы роста растений,Корнерост 10гр,22,руб.,,
410,https://garden-zoo.ru,https://garden-zoo.ru/categories/stimulyatory-rosta-i-razvitiya-rastenii,Стимуляторы роста растений,Энерген Аква Бор 250мл,84,руб.,,
411,https://garden-zoo.ru,https://garden-zoo.ru/categories/stimulyatory-rosta-i-razvitiya-rastenii,Стимуляторы роста растений,Цветень 5г,10,руб.,,
412,https://garden-zoo.ru,https://garden-zoo.ru/categories/stimulyatory-rosta-i-razvitiya-rastenii,Стимуляторы роста растений,Полигро универсал 10г,12,руб.,,
413,https://garden-zoo.ru,https://garden-zoo.ru/categories/stimulyatory-rosta-i-razvitiya-rastenii,Стимуляторы роста растений,"Удобрение Агрикола Экогель для семян,луковиц и рассады 20 мл",35,руб.,,
414,https://garden-zoo.ru,https://garden-zoo.ru/categories/stimulyatory-rosta-i-razvitiya-rastenii,Стимуляторы роста растений,Антистресс ДЖОЙ для растений Супер защита 400 мл,122,руб.,,
415,https://garden-zoo.ru,https://garden-zoo.ru/categories/stimulyatory-rosta-i-razvitiya-rastenii,Стимуляторы роста растений,Гумат+7 50г,27,руб.,,
416,https://garden-zoo.ru,https://garden-zoo.ru/categories/stimulyatory-rosta-i-razvitiya-rastenii,Стимуляторы роста растений,Биокомплекс-БТУ универсальный 100мл,96,руб.,,
417,https://garden-zoo.ru,https://garden-zoo.ru/categories/stimulyatory-rosta-i-razvitiya-rastenii,Стимуляторы роста растений,ЛИПОСАМ биоприлипатель 8мл,19,руб.,,
418,https://garden-zoo.ru,https://garden-zoo.ru/categories/stimulyatory-rosta-i-razvitiya-rastenii,Стимуляторы роста растений,Биокомплекс-БТУ 15мл,33,руб.,,
419,https://garden-zoo.ru,https://garden-zoo.ru/categories/stimulyatory-rosta-i-razvitiya-rastenii,Стимуляторы роста растений,"Борогум-М 0,2л",66,руб.,,
420,https://garden-zoo.ru,https://garden-zoo.ru/categories/stimulyatory-rosta-i-razvitiya-rastenii,Стимуляторы роста растений,Янтарная кислота 5г,33,руб.,,
421,https://garden-zoo.ru,https://garden-zoo.ru/categories/stimulyatory-rosta-i-razvitiya-rastenii,Стимуляторы роста растений,Корневин 4г,13,руб.,,
422,https://garden-zoo.ru,https://garden-zoo.ru/categories/stimulyatory-rosta-i-razvitiya-rastenii,Стимуляторы роста растений,Завязь Томат 2гр,44,руб.,,
423,https://garden-zoo.ru,https://garden-zoo.ru/categories/stimulyatory-rosta-i-razvitiya-rastenii,Стимуляторы роста растений,Корневин 5г,12,руб.,,
424,https://garden-zoo.ru,https://garden-zoo.ru/categories/stimulyatory-rosta-i-razvitiya-rastenii,Стимуляторы роста растений,Энерген Аква 10 мл,56,руб.,,
425,https://garden-zoo.ru,https://garden-zoo.ru/categories/stimulyatory-rosta-i-razvitiya-rastenii,Стимуляторы роста растений,Энерген  Эстра 20 капсул,"65,40",руб.,,
426,https://garden-zoo.ru,https://garden-zoo.ru/categories/stimulyatory-rosta-i-razvitiya-rastenii,Стимуляторы роста растений,Стимул 2мл регулятор роста,13,руб.,,
427,https://garden-zoo.ru,https://garden-zoo.ru/categories/stimulyatory-rosta-i-razvitiya-rastenii,Стимуляторы роста растений,АМУЛЕТ 2табл,66,руб.,,
428,https://garden-zoo.ru,https://garden-zoo.ru/categories/stimulyatory-rosta-i-razvitiya-rastenii,Стимуляторы роста растений,Корневин Летто 5г,,,,
